pickup_date,pickup_hour,trip_count
2008-12-31,23,6
2009-01-01,0,11
2009-01-01,1,2
2009-01-01,2,2
2009-01-01,4,1
2009-01-01,10,1
2019-12-31,13,3
2019-12-31,14,2
2019-12-31,15,9
2019-12-31,16,5
2019-12-31,17,1
2019-12-31,19,18
2019-12-31,21,1
2019-12-31,22,2
2019-12-31,23,65
2020-01-01,0,13012
2020-01-01,1,14782
2020-01-01,2,13239
2020-01-01,3,9556
2020-01-01,4,6030
2020-01-01,5,2628
2020-01-01,6,2138
2020-01-01,7,2301
2020-01-01,8,2255
2020-01-01,9,3156
2020-01-01,10,4463
2020-01-01,11,6210
2020-01-01,12,7944
2020-01-01,13,8532
2020-01-01,14,8362
2020-01-01,15,8472
2020-01-01,16,8241
2020-01-01,17,8246
2020-01-01,18,8190
2020-01-01,19,7258
2020-01-01,20,6100
2020-01-01,21,5954
2020-01-01,22,5204
2020-01-01,23,3851
2020-01-02,0,2251
2020-01-02,1,1188
2020-01-02,2,744
2020-01-02,3,552
2020-01-02,4,726
2020-01-02,5,1519
2020-01-02,6,3585
2020-01-02,7,5764
2020-01-02,8,7369
2020-01-02,9,7895
2020-01-02,10,8101
2020-01-02,11,8623
2020-01-02,12,9852
2020-01-02,13,9898
2020-01-02,14,10466
2020-01-02,15,10778
2020-01-02,16,10062
2020-01-02,17,10723
2020-01-02,18,11098
2020-01-02,19,9584
2020-01-02,20,8203
2020-01-02,21,8276
2020-01-02,22,6929
2020-01-02,23,4960
2020-01-03,0,3330
2020-01-03,1,2126
2020-01-03,2,1219
2020-01-03,3,957
2020-01-03,4,960
2020-01-03,5,1531
2020-01-03,6,3830
2020-01-03,7,6242
2020-01-03,8,8582
2020-01-03,9,9331
2020-01-03,10,8814
2020-01-03,11,8870
2020-01-03,12,9902
2020-01-03,13,9996
2020-01-03,14,10742
2020-01-03,15,10517
2020-01-03,16,10346
2020-01-03,17,11359
2020-01-03,18,11986
2020-01-03,19,11784
2020-01-03,20,9447
2020-01-03,21,10380
2020-01-03,22,10060
2020-01-03,23,8150
2020-01-04,0,6548
2020-01-04,1,5251
2020-01-04,2,3772
2020-01-04,3,2771
2020-01-04,4,1598
2020-01-04,5,1129
2020-01-04,6,1641
2020-01-04,7,2793
2020-01-04,8,4073
2020-01-04,9,6374
2020-01-04,10,7783
2020-01-04,11,8848
2020-01-04,12,9684
2020-01-04,13,10148
2020-01-04,14,9585
2020-01-04,15,10477
2020-01-04,16,10631
2020-01-04,17,10955
2020-01-04,18,11038
2020-01-04,19,11376
2020-01-04,20,10108
2020-01-04,21,11763
2020-01-04,22,11069
2020-01-04,23,10515
2020-01-05,0,8255
2020-01-05,1,6719
2020-01-05,2,5376
2020-01-05,3,3636
2020-01-05,4,2211
2020-01-05,5,1143
2020-01-05,6,1548
2020-01-05,7,2288
2020-01-05,8,3907
2020-01-05,9,6034
2020-01-05,10,8282
2020-01-05,11,9180
2020-01-05,12,10347
2020-01-05,13,10389
2020-01-05,14,10400
2020-01-05,15,10432
2020-01-05,16,10725
2020-01-05,17,10467
2020-01-05,18,9667
2020-01-05,19,8252
2020-01-05,20,7245
2020-01-05,21,6385
2020-01-05,22,4780
2020-01-05,23,3800
2020-01-06,0,2188
2020-01-06,1,1111
2020-01-06,2,788
2020-01-06,3,507
2020-01-06,4,858
2020-01-06,5,1991
2020-01-06,6,4902
2020-01-06,7,9475
2020-01-06,8,11423
2020-01-06,9,10353
2020-01-06,10,8963
2020-01-06,11,8750
2020-01-06,12,9342
2020-01-06,13,9491
2020-01-06,14,10399
2020-01-06,15,10838
2020-01-06,16,10415
2020-01-06,17,11801
2020-01-06,18,12697
2020-01-06,19,11250
2020-01-06,20,9790
2020-01-06,21,8574
2020-01-06,22,5975
2020-01-06,23,4228
2020-01-07,0,2579
2020-01-07,1,1353
2020-01-07,2,832
2020-01-07,3,576
2020-01-07,4,871
2020-01-07,5,1994
2020-01-07,6,4931
2020-01-07,7,9650
2020-01-07,8,11757
2020-01-07,9,10672
2020-01-07,10,9738
2020-01-07,11,9487
2020-01-07,12,10166
2020-01-07,13,10674
2020-01-07,14,11617
2020-01-07,15,12146
2020-01-07,16,10980
2020-01-07,17,12958
2020-01-07,18,14965
2020-01-07,19,13047
2020-01-07,20,11824
2020-01-07,21,11239
2020-01-07,22,8666
2020-01-07,23,5362
2020-01-08,0,3157
2020-01-08,1,1678
2020-01-08,2,1066
2020-01-08,3,735
2020-01-08,4,882
2020-01-08,5,1853
2020-01-08,6,5070
2020-01-08,7,9973
2020-01-08,8,12223
2020-01-08,9,11495
2020-01-08,10,9979
2020-01-08,11,10151
2020-01-08,12,11070
2020-01-08,13,10923
2020-01-08,14,11974
2020-01-08,15,12756
2020-01-08,16,11749
2020-01-08,17,13916
2020-01-08,18,15558
2020-01-08,19,14367
2020-01-08,20,12989
2020-01-08,21,13196
2020-01-08,22,10038
2020-01-08,23,6787
2020-01-09,0,3972
2020-01-09,1,1967
2020-01-09,2,1122
2020-01-09,3,878
2020-01-09,4,923
2020-01-09,5,1914
2020-01-09,6,5143
2020-01-09,7,10882
2020-01-09,8,13661
2020-01-09,9,12323
2020-01-09,10,11148
2020-01-09,11,10969
2020-01-09,12,11385
2020-01-09,13,11766
2020-01-09,14,12667
2020-01-09,15,12951
2020-01-09,16,12202
2020-01-09,17,14048
2020-01-09,18,16208
2020-01-09,19,14578
2020-01-09,20,13657
2020-01-09,21,14118
2020-01-09,22,11658
2020-01-09,23,7751
2020-01-10,0,5134
2020-01-10,1,2934
2020-01-10,2,1819
2020-01-10,3,1249
2020-01-10,4,1231
2020-01-10,5,1973
2020-01-10,6,4858
2020-01-10,7,10023
2020-01-10,8,12154
2020-01-10,9,11232
2020-01-10,10,10238
2020-01-10,11,10598
2020-01-10,12,11087
2020-01-10,13,11073
2020-01-10,14,11944
2020-01-10,15,12584
2020-01-10,16,12015
2020-01-10,17,13952
2020-01-10,18,15528
2020-01-10,19,14278
2020-01-10,20,12151
2020-01-10,21,12145
2020-01-10,22,12554
2020-01-10,23,11360
2020-01-11,0,9754
2020-01-11,1,7602
2020-01-11,2,5890
2020-01-11,3,3985
2020-01-11,4,2278
2020-01-11,5,1324
2020-01-11,6,1996
2020-01-11,7,3401
2020-01-11,8,5318
2020-01-11,9,7673
2020-01-11,10,9108
2020-01-11,11,10322
2020-01-11,12,11419
2020-01-11,13,11604
2020-01-11,14,11830
2020-01-11,15,13053
2020-01-11,16,12434
2020-01-11,17,12860
2020-01-11,18,13443
2020-01-11,19,12844
2020-01-11,20,10497
2020-01-11,21,10643
2020-01-11,22,11768
2020-01-11,23,12697
2020-01-12,0,10598
2020-01-12,1,9578
2020-01-12,2,7155
2020-01-12,3,4839
2020-01-12,4,2701
2020-01-12,5,1251
2020-01-12,6,1607
2020-01-12,7,3004
2020-01-12,8,4644
2020-01-12,9,6711
2020-01-12,10,8181
2020-01-12,11,9466
2020-01-12,12,10540
2020-01-12,13,10669
2020-01-12,14,11292
2020-01-12,15,11296
2020-01-12,16,11195
2020-01-12,17,11451
2020-01-12,18,11500
2020-01-12,19,9194
2020-01-12,20,8043
2020-01-12,21,7625
2020-01-12,22,6635
2020-01-12,23,4372
2020-01-13,0,2704
2020-01-13,1,1519
2020-01-13,2,923
2020-01-13,3,702
2020-01-13,4,941
2020-01-13,5,2003
2020-01-13,6,5763
2020-01-13,7,10620
2020-01-13,8,12318
2020-01-13,9,11384
2020-01-13,10,10505
2020-01-13,11,10463
2020-01-13,12,11302
2020-01-13,13,11187
2020-01-13,14,12241
2020-01-13,15,12889
2020-01-13,16,11284
2020-01-13,17,13199
2020-01-13,18,15100
2020-01-13,19,12736
2020-01-13,20,11329
2020-01-13,21,10531
2020-01-13,22,8518
2020-01-13,23,5368
2020-01-14,0,3635
2020-01-14,1,1820
2020-01-14,2,1094
2020-01-14,3,757
2020-01-14,4,893
2020-01-14,5,1822
2020-01-14,6,5109
2020-01-14,7,10057
2020-01-14,8,12344
2020-01-14,9,11560
2020-01-14,10,10669
2020-01-14,11,10617
2020-01-14,12,11444
2020-01-14,13,11635
2020-01-14,14,12916
2020-01-14,15,13147
2020-01-14,16,12764
2020-01-14,17,13255
2020-01-14,18,14982
2020-01-14,19,13283
2020-01-14,20,12346
2020-01-14,21,12317
2020-01-14,22,9783
2020-01-14,23,5710
2020-01-15,0,3453
2020-01-15,1,1864
2020-01-15,2,1087
2020-01-15,3,777
2020-01-15,4,987
2020-01-15,5,1962
2020-01-15,6,4930
2020-01-15,7,10310
2020-01-15,8,12510
2020-01-15,9,11319
2020-01-15,10,10167
2020-01-15,11,10316
2020-01-15,12,10972
2020-01-15,13,10748
2020-01-15,14,11936
2020-01-15,15,12397
2020-01-15,16,11557
2020-01-15,17,13520
2020-01-15,18,14905
2020-01-15,19,13695
2020-01-15,20,13065
2020-01-15,21,13190
2020-01-15,22,10434
2020-01-15,23,7279
2020-01-16,0,4230
2020-01-16,1,2172
2020-01-16,2,1377
2020-01-16,3,936
2020-01-16,4,1022
2020-01-16,5,2055
2020-01-16,6,4962
2020-01-16,7,10359
2020-01-16,8,12877
2020-01-16,9,12145
2020-01-16,10,10700
2020-01-16,11,10715
2020-01-16,12,11944
2020-01-16,13,11888
2020-01-16,14,14031
2020-01-16,15,12813
2020-01-16,16,12164
2020-01-16,17,14877
2020-01-16,18,16711
2020-01-16,19,15595
2020-01-16,20,14665
2020-01-16,21,15145
2020-01-16,22,13625
2020-01-16,23,8985
2020-01-17,0,5816
2020-01-17,1,3527
2020-01-17,2,2069
2020-01-17,3,1363
2020-01-17,4,1271
2020-01-17,5,2077
2020-01-17,6,5279
2020-01-17,7,10766
2020-01-17,8,13326
2020-01-17,9,12103
2020-01-17,10,11280
2020-01-17,11,11527
2020-01-17,12,12123
2020-01-17,13,12214
2020-01-17,14,13430
2020-01-17,15,13675
2020-01-17,16,12797
2020-01-17,17,15043
2020-01-17,18,16764
2020-01-17,19,15768
2020-01-17,20,12760
2020-01-17,21,12033
2020-01-17,22,12465
2020-01-17,23,10348
2020-01-18,0,8314
2020-01-18,1,6716
2020-01-18,2,5322
2020-01-18,3,3508
2020-01-18,4,2323
2020-01-18,5,1290
2020-01-18,6,1991
2020-01-18,7,3003
2020-01-18,8,4841
2020-01-18,9,7071
2020-01-18,10,8828
2020-01-18,11,9278
2020-01-18,12,11330
2020-01-18,13,11390
2020-01-18,14,9941
2020-01-18,15,10146
2020-01-18,16,10521
2020-01-18,17,10714
2020-01-18,18,11689
2020-01-18,19,12473
2020-01-18,20,9129
2020-01-18,21,8546
2020-01-18,22,9807
2020-01-18,23,8834
2020-01-19,0,8085
2020-01-19,1,7072
2020-01-19,2,5404
2020-01-19,3,3789
2020-01-19,4,2212
2020-01-19,5,1009
2020-01-19,6,1462
2020-01-19,7,2630
2020-01-19,8,4083
2020-01-19,9,6022
2020-01-19,10,8423
2020-01-19,11,9274
2020-01-19,12,10068
2020-01-19,13,10006
2020-01-19,14,10717
2020-01-19,15,10874
2020-01-19,16,10488
2020-01-19,17,10572
2020-01-19,18,10782
2020-01-19,19,8871
2020-01-19,20,8318
2020-01-19,21,8668
2020-01-19,22,7985
2020-01-19,23,5935
2020-01-20,0,4232
2020-01-20,1,2708
2020-01-20,2,1781
2020-01-20,3,1306
2020-01-20,4,1138
2020-01-20,5,1257
2020-01-20,6,2482
2020-01-20,7,3450
2020-01-20,8,5470
2020-01-20,9,7282
2020-01-20,10,8137
2020-01-20,11,9210
2020-01-20,12,10275
2020-01-20,13,10290
2020-01-20,14,10848
2020-01-20,15,11077
2020-01-20,16,10800
2020-01-20,17,10904
2020-01-20,18,11156
2020-01-20,19,9343
2020-01-20,20,8447
2020-01-20,21,7648
2020-01-20,22,5958
2020-01-20,23,3778
2020-01-21,0,2477
2020-01-21,1,1295
2020-01-21,2,675
2020-01-21,3,520
2020-01-21,4,687
2020-01-21,5,1938
2020-01-21,6,5263
2020-01-21,7,10400
2020-01-21,8,13043
2020-01-21,9,11706
2020-01-21,10,10558
2020-01-21,11,10461
2020-01-21,12,10926
2020-01-21,13,10842
2020-01-21,14,11843
2020-01-21,15,12394
2020-01-21,16,11534
2020-01-21,17,13698
2020-01-21,18,15635
2020-01-21,19,13274
2020-01-21,20,12763
2020-01-21,21,12673
2020-01-21,22,9956
2020-01-21,23,5479
2020-01-22,0,3239
2020-01-22,1,1528
2020-01-22,2,1028
2020-01-22,3,757
2020-01-22,4,869
2020-01-22,5,1967
2020-01-22,6,5121
2020-01-22,7,10305
2020-01-22,8,12771
2020-01-22,9,11884
2020-01-22,10,10516
2020-01-22,11,10873
2020-01-22,12,11268
2020-01-22,13,11006
2020-01-22,14,11936
2020-01-22,15,12492
2020-01-22,16,11780
2020-01-22,17,13784
2020-01-22,18,15989
2020-01-22,19,14182
2020-01-22,20,13129
2020-01-22,21,13866
2020-01-22,22,11448
2020-01-22,23,6657
2020-01-23,0,3880
2020-01-23,1,2108
2020-01-23,2,1338
2020-01-23,3,901
2020-01-23,4,1028
2020-01-23,5,2043
2020-01-23,6,5096
2020-01-23,7,10256
2020-01-23,8,12608
2020-01-23,9,11527
2020-01-23,10,10479
2020-01-23,11,10828
2020-01-23,12,11165
2020-01-23,13,11454
2020-01-23,14,12476
2020-01-23,15,12838
2020-01-23,16,12117
2020-01-23,17,14380
2020-01-23,18,16272
2020-01-23,19,14759
2020-01-23,20,13789
2020-01-23,21,14640
2020-01-23,22,13769
2020-01-23,23,8799
2020-01-24,0,5470
2020-01-24,1,3166
2020-01-24,2,1897
2020-01-24,3,1367
2020-01-24,4,1306
2020-01-24,5,2085
2020-01-24,6,4830
2020-01-24,7,9949
2020-01-24,8,11739
2020-01-24,9,10934
2020-01-24,10,9901
2020-01-24,11,10440
2020-01-24,12,10879
2020-01-24,13,11390
2020-01-24,14,12425
2020-01-24,15,12577
2020-01-24,16,11868
2020-01-24,17,14215
2020-01-24,18,16198
2020-01-24,19,15888
2020-01-24,20,12578
2020-01-24,21,12679
2020-01-24,22,13303
2020-01-24,23,12447
2020-01-25,0,10226
2020-01-25,1,7894
2020-01-25,2,6099
2020-01-25,3,4215
2020-01-25,4,2413
2020-01-25,5,1297
2020-01-25,6,1933
2020-01-25,7,3141
2020-01-25,8,5442
2020-01-25,9,8516
2020-01-25,10,10601
2020-01-25,11,12470
2020-01-25,12,14590
2020-01-25,13,14513
2020-01-25,14,13970
2020-01-25,15,12336
2020-01-25,16,10861
2020-01-25,17,11404
2020-01-25,18,12275
2020-01-25,19,12340
2020-01-25,20,9598
2020-01-25,21,10178
2020-01-25,22,11715
2020-01-25,23,11686
2020-01-26,0,10710
2020-01-26,1,9384
2020-01-26,2,7422
2020-01-26,3,5175
2020-01-26,4,2836
2020-01-26,5,1190
2020-01-26,6,1606
2020-01-26,7,2622
2020-01-26,8,4069
2020-01-26,9,6428
2020-01-26,10,9377
2020-01-26,11,9818
2020-01-26,12,10986
2020-01-26,13,11398
2020-01-26,14,11588
2020-01-26,15,11405
2020-01-26,16,11228
2020-01-26,17,12236
2020-01-26,18,12126
2020-01-26,19,9116
2020-01-26,20,8195
2020-01-26,21,7342
2020-01-26,22,5101
2020-01-26,23,3647
2020-01-27,0,2363
2020-01-27,1,1222
2020-01-27,2,805
2020-01-27,3,643
2020-01-27,4,830
2020-01-27,5,1881
2020-01-27,6,4957
2020-01-27,7,9566
2020-01-27,8,11438
2020-01-27,9,10267
2020-01-27,10,9097
2020-01-27,11,9232
2020-01-27,12,9671
2020-01-27,13,10260
2020-01-27,14,10857
2020-01-27,15,11240
2020-01-27,16,10895
2020-01-27,17,12379
2020-01-27,18,13512
2020-01-27,19,11917
2020-01-27,20,10863
2020-01-27,21,10535
2020-01-27,22,7675
2020-01-27,23,4421
2020-01-28,0,2661
2020-01-28,1,1338
2020-01-28,2,880
2020-01-28,3,631
2020-01-28,4,737
2020-01-28,5,1838
2020-01-28,6,4912
2020-01-28,7,9919
2020-01-28,8,12296
2020-01-28,9,11234
2020-01-28,10,10258
2020-01-28,11,10157
2020-01-28,12,10761
2020-01-28,13,10970
2020-01-28,14,12022
2020-01-28,15,12441
2020-01-28,16,11662
2020-01-28,17,13786
2020-01-28,18,15663
2020-01-28,19,14036
2020-01-28,20,13754
2020-01-28,21,13244
2020-01-28,22,10610
2020-01-28,23,6557
2020-01-29,0,3595
2020-01-29,1,1811
2020-01-29,2,1009
2020-01-29,3,727
2020-01-29,4,862
2020-01-29,5,1994
2020-01-29,6,5031
2020-01-29,7,10331
2020-01-29,8,13242
2020-01-29,9,11646
2020-01-29,10,10708
2020-01-29,11,10673
2020-01-29,12,11311
2020-01-29,13,11333
2020-01-29,14,12441
2020-01-29,15,13183
2020-01-29,16,11625
2020-01-29,17,13936
2020-01-29,18,15425
2020-01-29,19,14406
2020-01-29,20,13865
2020-01-29,21,14351
2020-01-29,22,12972
2020-01-29,23,7308
2020-01-30,0,4295
2020-01-30,1,2196
2020-01-30,2,1320
2020-01-30,3,842
2020-01-30,4,940
2020-01-30,5,2048
2020-01-30,6,5205
2020-01-30,7,10985
2020-01-30,8,13342
2020-01-30,9,12360
2020-01-30,10,10813
2020-01-30,11,10953
2020-01-30,12,11677
2020-01-30,13,11860
2020-01-30,14,12540
2020-01-30,15,13009
2020-01-30,16,12150
2020-01-30,17,14534
2020-01-30,18,17985
2020-01-30,19,15880
2020-01-30,20,14562
2020-01-30,21,15283
2020-01-30,22,14819
2020-01-30,23,9705
2020-01-31,0,5928
2020-01-31,1,3443
2020-01-31,2,2145
2020-01-31,3,1395
2020-01-31,4,1287
2020-01-31,5,2055
2020-01-31,6,4822
2020-01-31,7,9871
2020-01-31,8,12491
2020-01-31,9,11335
2020-01-31,10,10257
2020-01-31,11,10691
2020-01-31,12,11466
2020-01-31,13,11749
2020-01-31,14,12677
2020-01-31,15,12883
2020-01-31,16,12221
2020-01-31,17,14335
2020-01-31,18,16265
2020-01-31,19,14893
2020-01-31,20,13135
2020-01-31,21,13558
2020-01-31,22,12236
2020-01-31,23,11501
2020-02-01,0,9744
2020-02-01,1,7882
2020-02-01,2,6073
2020-02-01,3,4292
2020-02-01,4,2435
2020-02-01,5,1268
2020-02-01,6,1890
2020-02-01,7,3005
2020-02-01,8,5248
2020-02-01,9,7614
2020-02-01,10,9155
2020-02-01,11,10011
2020-02-01,12,10907
2020-02-01,13,20
2020-02-01,16,4
2020-02-01,17,4
2020-02-01,18,3
2020-02-01,19,2
2020-02-01,20,3
2020-02-01,21,1
2020-02-01,22,1
2020-02-02,13,2
2020-02-12,1,1
2020-02-12,2,2
2020-02-23,21,1
2020-03-04,10,1
2020-03-16,6,1
2020-03-25,18,1
2020-03-26,4,1
2020-04-16,3,1
2020-05-07,10,2
2020-05-28,19,1
2020-06-19,3,1
2020-07-01,0,3
2020-07-01,1,122
2020-07-01,2,103
2020-07-01,3,179
2020-07-01,4,183
2020-07-01,5,9
2020-07-01,6,31
2020-07-01,7,48
2020-07-01,8,77
2020-07-01,9,88
2020-07-01,10,35
2020-07-01,13,1
2020-07-01,14,1
2020-07-02,3,41
2020-07-02,4,172
2020-07-02,5,15
2020-07-02,6,50
2020-07-02,7,57
2020-07-02,8,78
2020-07-02,9,82
2020-07-02,10,89
2020-07-02,11,89
2020-07-02,12,127
2020-07-02,13,119
2020-07-02,14,53
2020-07-03,4,36
2020-07-03,5,23
2020-07-03,6,19
2020-07-03,7,34
2020-07-03,8,42
2020-07-03,9,64
2020-07-03,10,57
2020-07-03,11,75
2020-07-03,12,95
2020-07-03,13,97
2020-07-03,14,83
2020-07-03,15,65
2020-07-03,16,62
2020-07-03,17,29
2020-07-03,18,37
2020-07-03,19,46
2020-07-03,20,49
2020-07-03,21,41
2020-07-03,22,24
2020-07-03,23,26
2020-07-04,0,27
2020-07-04,1,82
2020-07-04,9,1
2020-07-04,11,1
2020-07-04,14,2
2020-07-04,15,1
2020-07-04,21,36
2020-07-04,22,92
2020-07-04,23,80
2020-07-05,0,81
2020-07-05,1,137
2020-07-05,2,104
2020-07-05,3,87
2020-07-05,4,88
2020-07-05,5,16
2020-07-05,6,14
2020-07-05,7,11
2020-07-05,8,30
2020-07-05,9,28
2020-07-05,10,37
2020-07-05,11,56
2020-07-05,12,44
2020-07-05,13,45
2020-07-06,11,97
2020-07-06,12,112
2020-07-06,13,106
2020-07-06,14,118
2020-07-06,15,113
2020-07-06,16,151
2020-07-06,17,132
2020-07-06,18,58
2020-07-06,19,39
2020-07-06,20,34
2020-07-06,21,34
2020-07-06,22,15
2020-07-06,23,17
2020-07-07,0,32
2020-07-07,1,46
2020-07-07,15,51
2020-07-07,16,73
2020-07-07,17,48
2020-07-07,18,47
2020-07-07,19,40
2020-07-07,20,17
2020-07-07,21,24
2020-07-07,22,32
2020-07-07,23,30
2020-07-08,0,34
2020-07-08,1,126
2020-07-08,2,105
2020-07-08,3,182
2020-07-08,4,29
2020-07-08,19,20
2020-07-08,20,34
2020-07-08,21,36
2020-07-08,22,39
2020-07-08,23,34
2020-07-09,0,32
2020-07-09,1,116
2020-07-09,2,129
2020-07-09,3,165
2020-07-09,4,196
2020-07-09,5,13
2020-07-09,6,44
2020-07-09,7,57
2020-07-09,8,82
2020-07-09,9,86
2020-07-09,10,47
2020-07-09,23,24
2020-07-10,0,38
2020-07-10,1,139
2020-07-10,2,126
2020-07-10,3,182
2020-07-10,4,181
2020-07-10,5,17
2020-07-10,6,43
2020-07-10,7,37
2020-07-10,10,2
2020-07-10,11,3
2020-07-11,0,12
2020-07-11,1,95
2020-07-11,2,91
2020-07-11,3,127
2020-07-11,4,121
2020-07-11,5,7
2020-07-11,6,23
2020-07-11,7,30
2020-07-11,8,28
2020-07-11,9,39
2020-07-11,10,57
2020-07-11,11,61
2020-07-11,12,74
2020-07-11,13,17
2020-07-12,17,52
2020-07-12,18,59
2020-07-12,19,36
2020-07-13,13,1
2020-07-14,1,38
2020-07-14,2,117
2020-07-14,3,163
2020-07-14,4,195
2020-07-14,5,28
2020-07-14,6,57
2020-07-14,7,56
2020-07-14,8,73
2020-07-14,9,74
2020-07-14,10,84
2020-07-15,2,15
2020-07-15,3,191
2020-07-15,4,183
2020-07-15,5,34
2020-07-15,6,55
2020-07-15,7,71
2020-07-15,8,78
2020-07-15,9,98
2020-07-15,10,113
2020-07-15,11,120
2020-07-15,12,14
2020-07-16,2,74
2020-07-16,3,183
2020-07-16,4,194
2020-07-16,5,41
2020-07-16,6,65
2020-07-16,7,70
2020-07-16,8,65
2020-07-16,9,85
2020-07-16,10,103
2020-07-16,11,110
2020-07-16,12,91
2020-07-17,2,27
2020-07-17,3,171
2020-07-17,4,189
2020-07-17,5,20
2020-07-17,6,53
2020-07-17,7,63
2020-07-17,8,82
2020-07-17,9,106
2020-07-17,10,104
2020-07-17,11,17
2020-07-18,3,50
2020-07-19,13,4
2020-07-19,14,62
2020-07-19,15,53
2020-07-19,16,66
2020-07-19,17,45
2020-07-19,18,53
2020-07-19,19,44
2020-07-19,20,51
2020-07-19,21,37
2020-07-19,22,63
2020-07-19,23,35
2020-07-20,0,44
2020-07-20,1,111
2020-07-20,2,111
2020-07-20,3,103
2020-07-28,9,1
2020-07-31,18,1
2021-01-02,0,2
2021-01-02,1,1
